id,budget,original_title,popularity,release_date,revenue,runtime,vote_average,vote_count,Action,Adventure,Animation,Comedy,Crime,Documentary,Drama,Family,Fantasy,History,Horror,Music,Mystery,Romance,Science Fiction,TV Movie,Thriller,War,Western
2,0,Ariel,8.165,1988-10-21,0,73,6.8,157,0,0,0,1,1,0,1,0,0,0,0,0,0,0,0,0,0,0,0
3,0,Varjoja paratiisissa,8.509,1986-10-17,0,74,7.2,158,0,0,0,1,0,0,1,0,0,0,0,0,0,0,0,0,0,0,0
5,4000000,Four Rooms,14.441,1995-12-09,4257354,98,5.7,2127,0,0,0,1,1,0,0,0,0,0,0,0,0,0,0,0,0,0,0
6,21000000,Judgment Night,13.336,1993-10-15,12136938,110,6.5,230,1,0,0,0,1,0,0,0,0,0,0,0,0,0,0,0,1,0,0
8,42000,Life in Loops (A Megacities RMX),2.352,2006-01-01,0,80,7.5,18,0,0,0,0,0,1,0,0,0,0,0,0,0,0,0,0,0,0,0
9,0,Sonntag im August,1.561,2004-09-02,0,15,7.3,13,0,0,0,0,0,0,1,0,0,0,0,0,0,0,0,0,0,0,0
11,11000000,Star Wars,92.536,1977-05-25,775398007,121,8.2,16995,1,1,0,0,0,0,0,0,0,0,0,0,0,0,1,0,0,0,0
12,94000000,Finding Nemo,127.461,2003-05-30,940335536,100,7.8,16149,0,0,1,0,0,0,0,1,0,0,0,0,0,0,0,0,0,0,0
13,55000000,Forrest Gump,63.964,1994-07-06,677387716,142,8.5,22384,0,0,0,1,0,0,1,0,0,0,0,0,0,1,0,0,0,0,0
14,15000000,American Beauty,32.371,1999-09-15,356296601,122,8.0,10080,0,0,0,0,0,0,1,0,0,0,0,0,0,0,0,0,0,0,0
15,839727,Citizen Kane,22.554,1941-04-17,23218000,119,8.0,4331,0,0,0,0,0,0,1,0,0,0,0,0,1,0,0,0,0,0,0
16,12800000,Dancer in the Dark,17.395,2000-06-30,40031879,141,7.9,1366,0,0,0,0,1,0,1,0,0,0,0,0,0,0,0,0,0,0,0
17,0,The Dark,7.858,2005-09-28,0,87,5.8,206,0,0,0,0,0,0,0,0,0,0,1,0,1,0,0,0,1,0,0
18,90000000,The Fifth Element,48.146,1997-05-02,263920180,126,7.5,8838,1,1,0,0,0,0,0,0,1,0,0,0,0,0,1,0,1,0,0
19,1300000,Metropolis,16.308,1927-02-06,650422,149,8.2,2009,0,0,0,0,0,0,1,0,0,0,0,0,0,0,1,0,0,0,0
20,2500000,My Life Without Me,13.604,2003-03-07,12300000,106,5.8,364,0,0,0,0,0,0,1,0,0,0,0,0,0,1,0,0,0,0,0
21,0,The Endless Summer,7.13,1966-06-15,0,91,7.4,79,0,0,0,0,0,1,0,0,0,0,0,0,0,0,0,0,0,0,0
22,140000000,Pirates of the Caribbean: The Curse of the Black Pearl,156.249,2003-07-09,655011224,143,7.8,17137,1,1,0,0,0,0,0,0,1,0,0,0,0,0,0,0,0,0,0
24,30000000,Kill Bill: Vol. 1,62.46,2003-10-10,180899265,111,8.0,14406,1,0,0,0,1,0,0,0,0,0,0,0,0,0,0,0,0,0,0
25,72000000,Jarhead,27.099,2005-11-04,97076152,123,6.6,2241,0,0,0,0,0,0,1,0,0,0,0,0,0,0,0,0,0,1,0
26,1400000,LaLehet Al HaMayim,4.866,2004-02-05,444,103,6.9,62,0,0,0,0,0,0,1,0,0,0,0,0,0,0,0,0,0,0,0
27,1000000,9 Songs,31.848,2004-05-16,1574623,70,5.6,367,0,0,0,0,0,0,1,0,0,0,0,1,0,1,0,0,0,0,0
28,31500000,Apocalypse Now,31.503,1979-08-15,150000000,147,8.3,6406,0,0,0,0,0,0,1,0,0,0,0,0,0,0,0,0,0,1,0
33,14400000,Unforgiven,24.154,1992-08-07,159157447,130,7.9,3333,0,0,0,0,0,0,0,0,0,0,0,0,0,0,0,0,0,0,1
35,75000000,The Simpsons Movie,133.724,2007-07-25,527068851,87,7.0,6666,0,0,1,1,0,0,0,1,0,0,0,0,0,0,0,0,0,0,0
38,20000000,Eternal Sunshine of the Spotless Mind,53.384,2004-03-19,72258126,108,8.1,12088,0,0,0,0,0,0,1,0,0,0,0,0,0,1,1,0,0,0,0
55,2000000,Amores perros,27.577,2000-06-16,20908467,154,7.6,1964,0,0,0,0,0,0,1,0,0,0,0,0,0,0,0,0,1,0,0
58,200000000,Pirates of the Caribbean: Dead Man's Chest,158.163,2006-07-06,1065659812,151,7.3,13176,1,1,0,0,0,0,0,0,1,0,0,0,0,0,0,0,0,0,0
59,32000000,A History of Violence,17.699,2005-09-23,60740827,96,7.2,2454,0,0,0,0,1,0,1,0,0,0,0,0,0,0,0,0,1,0,0
62,12000000,2001: A Space Odyssey,39.041,1968-04-02,71923560,149,8.1,9194,0,1,0,0,0,0,0,0,0,0,0,0,1,0,1,0,0,0,0
63,29000000,Twelve Monkeys,26.698,1995-12-29,168841459,129,7.6,6745,0,0,0,0,0,0,0,0,0,0,0,0,1,0,1,0,1,0,0
64,0,Hable con ella,20.274,2002-03-15,51001550,112,7.6,974,0,0,0,0,0,0,1,0,0,0,0,0,0,1,0,0,0,0,0
65,41000000,8 Mile,51.35,2002-11-08,242875078,111,7.1,5786,0,0,0,0,0,0,1,0,0,0,0,1,0,0,0,0,0,0,0
66,50000000,Absolute Power,15.45,1997-02-14,50068310,121,6.6,783,1,0,0,0,1,0,1,0,0,0,0,0,0,0,0,0,0,0,0
67,2000000,Paradise Now,9.241,2005-09-07,3395627,90,7.0,183,0,0,0,0,1,0,1,0,0,0,0,0,0,0,0,0,1,0,0
68,15000000,Brazil,17.689,1985-02-20,0,143,7.7,2610,0,0,0,1,0,0,0,0,0,0,0,0,0,0,1,0,0,0,0
69,28000000,Walk the Line,19.588,2005-09-13,186797986,136,7.5,2281,0,0,0,0,0,0,1,0,0,0,0,1,0,1,0,0,0,0,0
70,30000000,Million Dollar Baby,27.245,2004-12-15,216763646,132,8.0,7812,0,0,0,0,0,0,1,0,0,0,0,0,0,0,0,0,0,0,0
71,5000000,Billy Elliot,18.648,2000-09-28,109280263,110,7.6,3161,0,0,0,1,0,0,1,0,0,0,0,1,0,0,0,0,0,0,0
73,20000000,American History X,40.506,1998-07-01,23875127,119,8.4,9429,0,0,0,0,0,0,1,0,0,0,0,0,0,0,0,0,0,0,0
74,132000000,War of the Worlds,40.457,2005-06-28,603873119,117,6.5,6763,0,1,0,0,0,0,0,0,0,0,0,0,0,0,1,0,1,0,0
75,70000000,Mars Attacks!,29.994,1996-12-12,101371017,106,6.4,4419,0,0,0,1,0,0,0,0,1,0,0,0,0,0,1,0,0,0,0
76,2500000,Before Sunrise,21.968,1995-01-27,5987386,101,8.0,3098,0,0,0,0,0,0,1,0,0,0,0,0,0,1,0,0,0,0,0
77,9000000,Memento,34.41,2000-10-11,39723096,113,8.2,12056,0,0,0,0,0,0,0,0,0,0,0,0,1,0,0,0,1,0,0
78,28000000,Blade Runner,32.284,1982-06-25,41670166,118,7.9,11263,0,0,0,0,0,0,1,0,0,0,0,0,0,0,1,0,1,0,0
79,31000000,英雄,25.111,2002-07-22,177394432,99,7.5,1733,1,1,0,0,0,0,1,0,0,1,0,0,0,0,0,0,0,0,0
80,2700000,Before Sunset,15.393,2004-02-10,15992615,80,7.8,2582,0,0,0,0,0,0,1,0,0,0,0,0,0,1,0,0,0,0,0
81,1000000,風の谷のナウシカ,32.974,1984-03-11,3301446,117,7.9,2614,0,1,1,0,0,0,0,0,1,0,0,0,0,0,0,0,0,0,0
82,135000000,Miami Vice,18.951,2006-07-27,163794509,132,5.9,1341,1,0,0,0,1,0,0,0,0,0,0,0,0,0,0,0,1,0,0
83,130000,Open Water,34.848,2004-08-06,54667954,79,5.5,854,0,0,0,0,0,0,1,0,0,0,1,0,0,0,0,0,1,0,0
85,18000000,Raiders of the Lost Ark,37.739,1981-06-12,389925971,115,7.9,9937,1,1,0,0,0,0,0,0,0,0,0,0,0,0,0,0,0,0,0
86,6000000,Elementarteilchen,9.654,2006-02-10,0,105,6.2,101,0,0,0,0,0,0,1,0,0,0,0,0,0,1,0,0,0,0,0
87,28000000,Indiana Jones and the Temple of Doom,36.546,1984-05-23,333000000,118,7.3,7297,1,1,0,0,0,0,0,0,0,0,0,0,0,0,0,0,0,0,0
88,6000000,Dirty Dancing,28.749,1987-08-21,213893795,100,7.4,5046,0,0,0,0,0,0,1,0,0,0,0,1,0,1,0,0,0,0,0
89,48000000,Indiana Jones and the Last Crusade,36.739,1989-05-24,474171806,127,7.8,8013,1,1,0,0,0,0,0,0,0,0,0,0,0,0,0,0,0,0,0
90,14000000,Beverly Hills Cop,25.227,1984-11-30,316360478,105,7.2,3139,1,0,0,1,1,0,0,0,0,0,0,0,0,0,0,0,0,0,0
91,0,Las Hurdes,8.013,1933-12-01,0,29,7.1,108,0,0,0,0,0,1,0,0,0,0,0,0,0,0,0,0,0,0,0
92,0,Megacities,2.258,1998-08-12,0,94,7.0,15,0,0,0,0,0,1,0,0,0,0,0,0,0,0,0,0,0,0,0
93,2000000,Anatomy of a Murder,13.48,1959-07-01,8000000,161,7.8,698,0,0,0,0,1,0,1,0,0,0,0,0,1,0,0,0,1,0,0
94,0,Kunstgriff,0.6,2002-01-01,0,6,10.0,1,0,0,0,1,0,0,0,0,0,0,0,0,0,0,0,0,0,0,0
95,140000000,Armageddon,54.641,1998-07-01,553799566,151,6.8,6478,1,1,0,0,0,0,0,0,0,0,0,0,0,0,1,0,1,0,0
96,28000000,Beverly Hills Cop II,18.578,1987-05-18,299965036,103,6.4,1840,1,0,0,1,1,0,0,0,0,0,0,0,0,0,0,0,0,0,0
97,17000000,Tron,21.885,1982-07-09,33000000,96,6.7,1710,1,1,0,0,0,0,0,0,0,0,0,0,0,0,1,0,0,0,0
98,103000000,Gladiator,72.335,2000-05-01,465361176,155,8.2,14897,1,1,0,0,0,0,1,0,0,0,0,0,0,0,0,0,0,0,0
99,8272296,Todo sobre mi madre,16.922,1999-04-16,67872296,101,7.7,1416,0,0,0,1,0,0,1,0,0,0,0,0,0,0,0,0,0,0,0
100,1350000,"Lock, Stock and Two Smoking Barrels",12.622,1998-08-28,28356188,105,8.2,5323,0,0,0,1,1,0,0,0,0,0,0,0,0,0,0,0,0,0,0
101,16000000,Léon: The Professional,43.478,1994-09-14,45284974,111,8.3,11881,1,0,0,0,1,0,1,0,0,0,0,0,0,0,0,0,0,0,0
102,0,Elsker dig for evigt,6.209,2002-09-06,0,113,6.9,72,0,0,0,0,0,0,1,0,0,0,0,0,0,1,0,0,0,0,0
103,1300000,Taxi Driver,45.284,1976-02-09,28570902,114,8.2,9166,0,0,0,0,1,0,1,0,0,0,0,0,0,0,0,0,0,0,0
104,1530000,Lola rennt,16.818,1998-03-03,7267585,81,7.3,1682,1,0,0,0,0,0,1,0,0,0,0,0,0,0,0,0,1,0,0
105,19000000,Back to the Future,71.534,1985-07-03,381109762,116,8.3,16308,0,1,0,1,0,0,0,1,0,0,0,0,0,0,1,0,0,0,0
106,15000000,Predator,63.699,1987-06-12,98267558,107,7.5,6046,1,1,0,0,0,0,0,0,0,0,0,0,0,0,1,0,1,0,0
107,10000000,Snatch,30.962,2000-09-01,83557872,104,7.8,7221,0,0,0,1,1,0,0,0,0,0,0,0,0,0,0,0,0,0,0
108,0,Trois couleurs : Bleu,14.107,1993-09-08,0,98,7.7,1209,0,0,0,0,0,0,1,0,0,0,0,0,0,0,0,0,0,0,0
109,0,Trois couleurs : Blanc,14.474,1994-01-26,0,92,7.5,837,0,0,0,1,0,0,1,0,0,0,0,0,1,0,0,0,0,0,0
110,0,Trois couleurs : Rouge,12.827,1994-05-27,0,100,8.0,989,0,0,0,0,0,0,1,0,0,0,0,0,1,1,0,0,0,0,0
111,25000000,Scarface,69.503,1983-12-09,66023329,170,8.2,9095,1,0,0,0,1,0,1,0,0,0,0,0,0,0,0,0,1,0,0
112,0,Italiensk for begyndere,10.823,2000-12-07,0,95,6.4,93,0,0,0,1,0,0,1,0,0,0,0,0,0,1,0,0,0,0,0
113,0,봄 여름 가을 겨울 그리고 봄,13.969,2003-09-19,8945072,103,7.8,789,0,0,0,0,0,0,1,0,0,0,0,0,0,0,0,0,0,0,0
114,14000000,Pretty Woman,59.77,1990-03-23,463406268,119,7.4,6288,0,0,0,1,0,0,0,0,0,0,0,0,0,1,0,0,0,0,0
115,15000000,The Big Lebowski,26.948,1998-03-06,46748047,117,7.9,9164,0,0,0,1,1,0,0,0,0,0,0,0,0,0,0,0,0,0,0
116,15000000,Match Point,17.876,2005-10-26,85306374,124,7.3,3355,0,0,0,0,1,0,1,0,0,0,0,0,0,1,0,0,1,0,0
117,25000000,The Untouchables,24.807,1987-06-03,76270454,119,7.8,4502,0,0,0,0,1,0,1,0,0,1,0,0,0,0,0,0,1,0,0
118,150000000,Charlie and the Chocolate Factory,181.423,2005-07-13,474968763,115,7.0,12352,0,1,0,1,0,0,0,1,1,0,0,0,0,0,0,0,0,0,0
120,93000000,The Lord of the Rings: The Fellowship of the Ring,134.981,2001-12-18,871368364,179,8.4,20665,1,1,0,0,0,0,0,0,1,0,0,0,0,0,0,0,0,0,0
121,79000000,The Lord of the Rings: The Two Towers,126.438,2002-12-18,926287400,179,8.4,17870,1,1,0,0,0,0,0,0,1,0,0,0,0,0,0,0,0,0,0
122,94000000,The Lord of the Rings: The Return of the King,117.074,2003-12-01,1118888979,201,8.5,19241,1,1,0,0,0,0,0,0,1,0,0,0,0,0,0,0,0,0,0
123,4000000,The Lord of the Rings,32.033,1978-11-15,30471420,132,6.6,638,0,1,1,0,0,0,0,0,1,0,0,0,0,0,0,0,0,0,0
124,0,Bez końca,6.336,1985-06-17,0,108,7.4,60,0,0,0,0,0,0,1,0,0,0,0,0,0,0,0,0,0,0,0
125,0,Dworzec,0.617,1980-01-01,0,13,5.9,16,0,0,0,0,0,1,0,0,0,0,0,0,0,0,0,0,0,0,0
126,0,Krótki dzień pracy,1.478,1995-11-02,0,73,6.8,5,0,0,0,0,0,0,1,0,0,0,0,0,0,0,0,0,0,0,0
127,0,Przypadek,7.921,1987-01-10,0,123,7.6,134,0,0,0,0,0,0,1,0,0,0,0,0,0,0,0,0,0,0,0
128,26500000,もののけ姫,63.922,1997-07-12,159414369,134,8.3,6174,0,1,1,0,0,0,0,0,1,0,0,0,0,0,0,0,0,0,0
129,19000000,千と千尋の神隠し,97.853,2001-07-20,274925095,125,8.5,12578,0,0,1,0,0,0,0,1,1,0,0,0,0,0,0,0,0,0,0
132,0,Gimme Shelter,8.698,1970-12-06,252570,90,7.4,128,0,0,0,0,0,1,0,0,0,0,0,1,0,0,0,0,0,0,0
133,0,Primary,3.333,1960-01-01,0,60,6.5,24,0,0,0,0,0,1,0,0,0,0,0,0,0,0,0,0,0,0,0
134,26000000,"O Brother, Where Art Thou?",21.593,2000-08-30,71868327,107,7.3,3262,0,1,0,1,1,0,0,0,0,0,0,0,0,0,0,0,0,0,0
135,0,Dont Look Back,7.925,1967-05-17,0,96,7.5,110,0,0,0,0,0,1,0,0,0,0,0,1,0,0,0,0,0,0,0
136,310607,Freaks,14.23,1932-02-12,0,62,7.8,858,0,0,0,0,0,0,1,0,0,0,1,0,0,0,0,0,0,0,0
137,14600000,Groundhog Day,30.138,1993-02-11,71074049,101,7.6,6242,0,0,0,1,0,0,1,0,1,0,0,0,0,1,0,0,0,0,0
138,355000,Dracula,14.837,1931-02-12,700000,74,7.2,843,0,0,0,0,0,0,1,0,1,0,1,0,0,0,0,0,0,0,0
139,0,Mifunes sidste sang,5.864,1999-03-12,0,98,6.8,47,0,0,0,1,0,0,1,0,0,0,0,0,0,1,0,0,0,0,0
140,5000000,La mala educación,20.34,2004-03-19,40266982,106,7.4,718,0,0,0,0,1,0,1,0,0,0,0,0,0,0,0,0,0,0,0
141,6000000,Donnie Darko,27.261,2001-10-24,7500000,114,7.8,10233,0,0,0,0,0,0,1,0,1,0,0,0,1,0,0,0,0,0,0
142,14000000,Brokeback Mountain,34.177,2005-09-10,178043761,134,7.8,5611,0,0,0,0,0,0,1,0,0,0,0,0,0,1,0,0,0,0,0
143,1448864,All Quiet on the Western Front,15.989,1930-04-29,3270000,133,7.8,517,0,0,0,0,0,0,1,0,0,0,0,0,0,0,0,0,0,1,0
144,2500000,Der Himmel über Berlin,14.601,1987-05-17,3210139,128,7.8,943,0,0,0,0,0,0,1,0,1,0,0,0,0,1,0,0,0,0,0
145,0,Breaking the Waves,13.47,1996-05-13,3803298,159,7.5,717,0,0,0,0,0,0,1,0,0,0,0,0,0,1,0,0,0,0,0
146,17000000,卧虎藏龍,21.72,2000-07-06,213525736,120,7.4,2499,1,1,0,0,0,0,1,0,0,0,0,0,0,1,0,0,0,0,0
147,0,Les Quatre Cents Coups,14.984,1959-06-03,0,99,8.1,1621,0,0,0,0,0,0,1,0,0,0,0,0,0,0,0,0,0,0,0
148,5000000,The Secret Life of Words,10.001,2005-12-15,0,112,7.0,160,0,0,0,0,0,0,1,0,0,0,0,0,0,1,0,0,0,0,0
149,10000000,アキラ,51.317,1988-07-16,553171,124,8.0,3033,1,0,1,0,0,0,0,0,0,0,0,0,0,0,1,0,0,0,0
150,12000000,48 Hrs.,14.848,1982-12-07,78868508,96,6.7,1103,1,0,0,1,1,0,1,0,0,0,0,0,0,0,0,0,1,0,0
152,35000000,Star Trek: The Motion Picture,22.06,1979-12-07,139000000,132,6.5,1290,0,1,0,0,0,0,0,0,0,0,0,0,1,0,1,0,0,0,0
153,4000000,Lost in Translation,22.432,2003-09-18,119723856,102,7.4,5884,0,0,0,1,0,0,1,0,0,0,0,0,0,1,0,0,0,0,0
154,12000000,Star Trek II: The Wrath of Khan,15.355,1982-06-04,96800000,113,7.5,1470,1,1,0,0,0,0,0,0,0,0,0,0,0,0,1,0,1,0,0
155,185000000,The Dark Knight,171.671,2008-07-14,1004558444,152,8.5,27108,1,0,0,0,1,0,1,0,0,0,0,0,0,0,0,0,1,0,0
156,0,Wilbur begår selvmord,5.597,2002-11-08,0,111,6.4,66,0,0,0,1,0,0,1,0,0,0,0,0,0,1,0,0,0,0,0
157,18000000,Star Trek III: The Search for Spock,11.254,1984-06-01,87000000,105,6.6,1015,1,1,0,0,0,0,0,0,0,0,0,0,0,0,1,0,1,0,0
158,0,Knockin' on Heaven's Door,11.114,1997-02-20,0,87,7.6,369,0,0,0,1,1,0,0,0,0,0,0,0,0,0,0,0,0,0,0
159,0,Der bewegte Mann,6.724,1994-10-05,0,90,6.2,73,0,0,0,1,0,0,1,0,0,0,0,0,0,0,0,0,0,0,0
160,0,L'arrivée d'un train à La Ciotat,8.103,1896-01-25,0,1,7.2,353,0,0,0,0,0,1,0,0,0,0,0,0,0,0,0,0,0,0,0
161,85000000,Ocean's Eleven,34.545,2001-12-07,450717150,116,7.4,9578,0,0,0,0,1,0,0,0,0,0,0,0,0,0,0,0,1,0,0
162,20000000,Edward Scissorhands,43.754,1990-12-05,53000000,105,7.7,10745,0,0,0,0,0,0,1,0,1,0,0,0,0,1,0,0,0,0,0
163,110000000,Ocean's Twelve,29.23,2004-12-09,362744280,125,6.6,5972,0,0,0,0,1,0,0,0,0,0,0,0,0,0,0,0,1,0,0
164,2500000,Breakfast at Tiffany's,19.73,1961-10-06,9500000,114,7.7,3462,0,0,0,1,0,0,0,0,0,0,0,0,0,1,0,0,0,0,0
165,40000000,Back to the Future Part II,39.879,1989-11-22,332000000,108,7.7,10481,0,1,0,1,0,0,0,1,0,0,0,0,0,0,1,0,0,0,0
166,0,La Boum,12.738,1980-12-17,0,110,6.5,914,0,0,0,1,0,0,1,0,0,0,0,0,0,1,0,0,0,0,0
167,48000000,K-PAX,15.764,2001-10-22,50315140,120,7.2,1837,0,0,0,0,0,0,1,0,0,0,0,0,0,0,1,0,0,0,0
168,24000000,Star Trek IV: The Voyage Home,18.664,1986-11-26,133000000,119,7.2,1101,0,1,0,0,0,0,0,0,0,0,0,0,0,0,1,0,0,0,0
169,35000000,Predator 2,51.236,1990-11-20,57120318,108,6.2,2303,1,0,0,0,0,0,0,0,0,0,0,0,0,0,1,0,1,0,0
170,5000000,28 Days Later,52.558,2002-10-31,85720385,113,7.2,5244,0,0,0,0,0,0,0,0,0,0,1,0,0,0,1,0,1,0,0
171,0,La Boum 2,9.612,1982-12-08,0,109,6.4,516,0,0,0,1,0,0,1,0,0,0,0,0,0,1,0,0,0,0,0
172,30000000,Star Trek V: The Final Frontier,17.421,1989-06-09,70200000,107,5.7,884,1,1,0,0,0,0,0,0,0,0,0,0,0,0,1,0,1,0,0
173,5000000,"20,000 Leagues Under the Sea",16.405,1954-12-23,28200000,127,7.1,614,0,1,0,0,0,0,1,1,1,0,0,0,0,0,1,0,0,0,0
174,27000000,Star Trek VI: The Undiscovered Country,13.883,1991-12-06,96900000,113,7.0,949,1,1,0,0,0,0,0,0,0,0,0,0,0,0,1,0,1,0,0
175,14390509,Le Grand Bleu,14.533,1988-05-10,0,168,7.5,1132,0,1,0,0,0,0,1,0,0,0,0,0,0,1,0,0,0,0,0
176,1200000,Saw,90.544,2004-10-01,103911669,103,7.4,7288,0,0,0,0,1,0,0,0,0,0,1,0,1,0,0,0,0,0,0
177,24000000,The Fisher King,9.948,1991-09-20,41895491,138,7.3,1024,0,0,0,1,0,0,1,0,0,0,0,0,0,0,0,0,0,0,0
178,28000000,Blown Away,12.88,1994-07-01,30156002,121,6.1,390,1,0,0,0,1,0,1,0,0,0,0,0,0,0,0,0,1,0,0
179,80000000,The Interpreter,15.531,2005-04-08,162944923,128,6.3,1126,0,0,0,0,1,0,0,0,0,0,0,0,0,0,0,0,1,0,0
180,102000000,Minority Report,20.665,2002-06-20,358372926,145,7.3,6979,1,0,0,0,0,0,0,0,0,0,0,0,1,0,1,0,1,0,0
182,32000000,The Good German,10.428,2006-12-08,5914908,108,5.8,239,0,0,0,0,0,0,1,0,0,0,0,0,1,0,0,0,1,0,0
183,6000000,The Wizard,12.892,1989-12-15,14278900,100,6.1,239,0,1,0,1,0,0,1,1,0,0,0,0,0,0,0,0,0,0,0
184,12000000,Jackie Brown,23.632,1997-04-10,39673162,154,7.3,5167,0,0,0,0,1,0,1,0,0,0,0,0,0,0,0,0,1,0,0
185,2200000,A Clockwork Orange,49.868,1971-12-19,26589000,137,8.2,10506,0,0,0,0,0,0,1,0,0,0,0,0,0,0,1,0,0,0,0
186,27000000,Lucky Number Slevin,19.241,2006-02-24,56308881,110,7.5,3309,0,0,0,0,1,0,1,0,0,0,0,0,1,0,0,0,1,0,0
187,40000000,Sin City,27.358,2005-04-01,158733820,124,7.4,6664,1,0,0,0,1,0,0,0,0,0,0,0,0,0,0,0,1,0,0
189,65000000,Sin City: A Dame to Kill For,68.683,2014-08-20,39407616,102,6.4,3157,1,0,0,0,1,0,0,0,0,0,0,0,0,0,0,0,1,0,0
190,0,Das Dorf der Freundschaft,0.651,2001-08-25,0,52,9.0,2,0,0,0,0,0,1,0,0,0,0,0,0,0,0,0,0,0,0,0
191,3000000,Die innere Sicherheit,3.65,2001-02-01,0,106,6.8,34,0,0,0,0,0,0,1,0,0,0,0,0,0,0,0,0,0,0,0
192,18000000,The Name of the Rose,23.788,1986-09-24,77200000,130,7.4,2370,0,0,0,0,0,0,1,0,0,0,0,0,1,0,0,0,1,0,0
193,38000000,Star Trek: Generations,13.063,1994-11-18,120000000,118,6.5,1002,1,1,0,0,0,0,0,0,0,0,0,0,0,0,1,0,1,0,0
194,10000000,Le Fabuleux Destin d'Amélie Poulain,27.776,2001-04-25,173921954,122,7.9,9557,0,0,0,1,0,0,0,0,0,0,0,0,0,1,0,0,0,0,0
195,0,Trouble in Paradise,9.242,1932-10-30,0,83,7.5,188,0,0,0,1,1,0,0,0,0,0,0,0,0,1,0,0,0,0,0
196,40000000,Back to the Future Part III,35.957,1990-05-25,244527583,119,7.4,8520,0,1,0,1,0,0,0,0,0,0,0,0,0,0,1,0,0,0,0
197,72000000,Braveheart,46.905,1995-03-14,213216216,178,7.9,8227,1,0,0,0,0,0,1,0,0,1,0,0,0,0,0,0,0,1,0
198,0,To Be or Not to Be,11.213,1942-03-05,0,99,7.9,486,0,0,0,1,0,0,0,0,0,0,0,0,0,0,0,0,0,1,0
199,46000000,Star Trek: First Contact,19.894,1996-11-22,150000000,111,7.3,1367,1,1,0,0,0,0,0,0,0,0,0,0,0,0,1,0,1,0,0
200,70000000,Star Trek: Insurrection,22.152,1998-12-11,118000000,103,6.4,903,1,1,0,0,0,0,0,0,0,0,0,0,0,0,1,0,1,0,0
201,60000000,Star Trek: Nemesis,25.056,2002-12-13,67312826,117,6.3,1086,1,1,0,0,0,0,0,0,0,0,0,0,0,0,1,0,1,0,0
203,500000,Mean Streets,12.127,1973-10-14,3000000,112,7.1,1622,0,0,0,0,1,0,1,0,0,0,0,0,0,0,0,0,0,0,0
204,0,Le Salaire de la peur,11.493,1953-04-22,0,153,8.1,611,0,1,0,0,0,0,1,0,0,0,0,0,0,0,0,0,1,0,0
205,17500000,Hotel Rwanda,19.051,2004-03-04,38000000,121,7.7,2258,0,0,0,0,0,0,1,0,0,1,0,0,0,0,0,0,0,1,0
206,0,Paradise Found,5.812,2003-01-01,0,89,6.7,20,0,0,0,0,0,0,1,0,0,0,0,0,0,0,0,0,0,0,0
207,16400000,Dead Poets Society,34.176,1989-06-02,235860116,128,8.3,8964,0,0,0,0,0,0,1,0,0,0,0,0,0,0,0,0,0,0,0
211,0,Berlin is in Germany,3.291,2001-11-01,0,97,5.7,11,0,0,0,1,0,0,1,0,0,0,0,0,0,0,0,0,0,0,0
212,1120175,Arsenic and Old Lace,10.075,1944-09-01,0,118,7.6,673,0,0,0,1,1,0,0,0,0,0,0,0,0,0,0,0,0,0,0
213,4000000,North by Northwest,31.055,1959-07-08,13275000,136,8.0,3175,0,0,0,0,0,0,0,0,0,0,0,0,1,0,0,0,1,0,0
214,10000000,Saw III,71.168,2006-10-27,163876815,114,6.4,3466,0,0,0,0,1,0,0,0,0,0,1,0,0,0,0,0,1,0,0
215,4000000,Saw II,71.556,2005-10-28,152925093,89,6.6,4129,0,0,0,0,0,0,0,0,0,0,1,0,0,0,0,0,0,0,0
216,130000,Angst essen Seele auf,9.762,1974-06-05,0,93,7.7,267,0,0,0,0,0,0,1,0,0,0,0,0,0,1,0,0,0,0,0
217,185000000,Indiana Jones and the Kingdom of the Crystal Skull,35.32,2008-05-21,786636033,122,6.0,6618,1,1,0,0,0,0,0,0,0,0,0,0,0,0,0,0,0,0,0
218,6400000,The Terminator,76.401,1984-10-26,78371200,108,7.6,10297,1,0,0,0,0,0,0,0,0,0,0,0,0,0,1,0,1,0,0
219,12899867,Volver,11.491,2006-03-17,85582407,121,7.5,1289,0,0,0,1,0,0,1,0,0,0,0,0,0,1,0,0,0,0,0
220,1,East of Eden,15.364,1955-04-10,5,115,7.6,549,0,0,0,0,0,0,1,0,0,0,0,0,0,1,0,0,0,0,0
221,1500000,Rebel Without a Cause,15.903,1955-10-29,199963,111,7.6,1216,0,0,0,0,0,0,1,0,0,0,0,0,0,0,0,0,0,0,0
222,0,Berlin: Die Sinfonie der Großstadt,6.118,1927-09-23,0,69,7.8,75,0,0,1,0,0,1,0,0,0,1,0,0,0,0,0,0,0,0,0
223,1288000,Rebecca,16.379,1940-03-23,6000000,130,7.9,1263,0,0,0,0,0,0,1,0,0,0,0,0,1,1,0,0,1,0,0
224,0,Człowiek z marmuru,3.929,1977-02-25,0,165,7.0,53,0,0,0,0,0,0,1,0,0,0,0,0,0,0,0,0,0,0,0
225,0,Człowiek z żelaza,4.567,1981-07-27,0,147,6.8,48,0,0,0,0,0,0,1,0,0,1,0,0,0,0,0,0,0,0,0
226,2000000,Boys Don't Cry,18.09,1999-09-02,11540607,118,7.5,1030,0,0,0,0,1,0,1,0,0,0,0,0,0,0,0,0,0,0,0
227,10000000,The Outsiders,20.207,1983-03-25,33697647,90,7.3,944,0,0,0,0,1,0,1,0,0,0,0,0,0,0,0,0,0,0,0
228,0,Der blaue Engel,10.004,1930-04-01,0,108,7.3,219,0,0,0,0,0,0,1,0,0,0,0,0,0,0,0,0,0,0,0
229,393750,The Bride of Frankenstein,13.007,1935-04-20,2000000,75,7.6,660,0,0,0,0,0,0,1,0,0,0,1,0,0,0,1,0,0,0,0
231,50000000,Syriana,13.83,2005-11-23,93974620,128,6.4,1069,0,0,0,0,0,0,1,0,0,0,0,0,0,0,0,0,1,0,0
232,10000000,Rumble Fish,14.225,1983-10-20,2494480,94,7.0,481,1,0,0,0,1,0,1,0,0,0,0,0,0,0,0,0,0,0,0
233,0,The Wanderers,13.5,1979-07-13,23000000,117,7.1,135,0,0,0,0,0,0,1,0,0,0,0,0,0,0,0,0,0,0,0
234,18000,Das Cabinet des Dr. Caligari,14.694,1920-02-27,8811,77,8.0,1084,0,0,0,0,1,0,1,0,0,0,1,0,0,0,0,0,1,0,0
235,8000000,Stand by Me,23.593,1986-08-08,52287414,89,7.9,4489,0,0,0,0,1,0,1,0,0,0,0,0,0,0,0,0,0,0,0
236,3000000,Muriel's Wedding,14.065,1994-09-29,15119639,106,7.0,325,0,0,0,1,0,0,1,0,0,0,0,0,0,1,0,0,0,0,0
237,6400000,Young Adam,13.655,2003-09-26,2500000,93,5.9,118,0,0,0,0,1,0,1,0,0,0,0,0,0,1,0,0,1,0,0
238,6000000,The Godfather,122.896,1972-03-14,245066411,175,8.7,15686,0,0,0,0,1,0,1,0,0,0,0,0,0,0,0,0,0,0,0
239,2883848,Some Like It Hot,23.478,1959-03-19,25000000,122,8.1,2665,0,0,0,1,1,0,0,0,0,0,0,1,0,1,0,0,0,0,0
240,13000000,The Godfather: Part II,82.858,1974-12-20,102600000,202,8.6,9450,0,0,0,0,1,0,1,0,0,0,0,0,0,0,0,0,0,0,0
241,34000000,Natural Born Killers,22.286,1994-08-25,50282766,118,7.1,2676,0,0,0,0,1,0,1,0,0,0,0,0,0,0,0,0,1,0,0
242,54000000,The Godfather: Part III,73.459,1990-12-25,136766062,170,7.4,4809,0,0,0,0,1,0,1,0,0,0,0,0,0,0,0,0,1,0,0
243,30000000,High Fidelity,18.267,2000-03-17,47126295,113,7.2,1536,0,0,0,1,0,0,1,0,0,0,0,1,0,1,0,0,0,0,0
244,672000,King Kong,21.707,1933-03-15,10000000,104,7.6,1066,0,1,0,0,0,0,0,0,0,0,1,0,0,0,1,0,0,0,0
245,27000000,About a Boy,10.754,2002-04-26,129000000,101,6.6,1818,0,0,0,1,0,0,1,0,0,0,0,0,0,1,0,0,0,0,0
246,2500000,座頭市,15.515,2003-09-06,34196922,111,7.3,642,1,1,0,0,0,0,1,0,0,0,0,0,0,0,0,0,0,0,0
247,320000,The Killing,14.856,1956-06-06,0,85,7.7,1099,0,0,0,0,1,0,1,0,0,0,0,0,0,0,0,0,1,0,0
248,2900000,Pocketful of Miracles,10.118,1961-12-18,5000000,136,7.4,123,0,0,0,1,0,0,1,0,0,0,0,0,0,0,0,0,0,0,0
249,26000000,The War of the Roses,15.863,1989-12-08,160188546,116,6.9,874,0,0,0,1,0,0,1,0,0,0,0,0,0,0,0,0,0,0,0
250,0,I Kina spiser de hunde,9.034,1999-09-10,0,91,7.4,185,1,0,0,1,1,0,0,0,0,0,0,0,0,0,0,0,0,0,0
251,22000000,Ghost,37.432,1990-07-12,505000000,127,7.2,4509,0,0,0,0,0,0,1,0,1,0,0,0,1,1,0,0,1,0,0
252,3000000,Willy Wonka & the Chocolate Factory,60.104,1971-06-29,4000000,100,7.5,2643,0,0,0,1,0,0,0,1,1,0,0,0,0,0,0,0,0,0,0
253,7000000,Live and Let Die,18.809,1973-07-05,161777836,121,6.5,1508,1,1,0,0,0,0,0,0,0,0,0,0,0,0,0,0,1,0,0
254,207000000,King Kong,50.138,2005-12-12,562363449,187,6.8,6479,1,1,0,0,0,0,1,0,0,0,0,0,0,0,0,0,0,0,0
255,350000,Baisers volés,8.261,1968-09-04,1500000,90,7.3,303,0,0,0,1,0,0,1,0,0,0,0,0,0,1,0,0,0,0,0
256,0,Antoine et Colette,7.815,1962-06-22,0,32,7.3,172,0,0,0,1,0,0,1,0,0,0,0,0,0,1,0,0,0,0,0
257,50000000,Oliver Twist,16.37,2005-09-23,42580321,130,6.7,983,0,0,0,0,1,0,1,1,0,0,0,0,0,0,0,0,0,0,0
258,0,Domicile conjugal,8.855,1970-09-09,0,97,7.2,181,0,0,0,1,0,0,1,0,0,0,0,0,0,1,0,0,0,0,0
259,0,L'amour en fuite,9.875,1979-01-24,0,93,7.0,139,0,0,0,1,0,0,1,0,0,0,0,0,0,1,0,0,0,0,0
260,0,The 39 Steps,14.607,1935-06-06,0,86,7.4,697,0,0,0,0,0,0,0,0,0,0,0,0,1,0,0,0,1,0,0
261,3000000,Cat on a Hot Tin Roof,8.882,1958-08-29,17570324,108,7.7,572,0,0,0,0,0,0,1,0,0,0,0,0,0,1,0,0,0,0,0
262,20000000,The King of Comedy,12.409,1982-12-18,2536000,109,7.8,1658,0,0,0,1,0,0,1,0,0,0,0,0,0,0,0,0,0,0,0
265,0,Lili Marleen,6.245,1981-01-14,0,120,6.1,42,0,0,0,0,0,0,1,0,0,0,0,0,0,1,0,0,0,1,0
266,900000,Le Mépris,11.281,1963-10-29,528428,103,7.2,580,0,0,0,0,0,0,1,0,0,0,0,0,0,0,0,0,0,0,0
267,0,Carne trémula,13.86,1997-10-10,1535558,103,7.1,494,0,0,0,0,0,0,1,0,0,0,0,0,0,1,0,0,1,0,0
268,35000000,Batman,360.844,1989-06-23,411348924,126,7.2,6152,1,0,0,0,0,0,0,0,1,0,0,0,0,0,0,0,0,0,0
269,0,À bout de souffle,12.562,1960-03-16,0,90,7.6,1330,0,0,0,0,1,0,1,0,0,0,0,0,0,0,0,0,0,0,0
270,350000,Wir sagen Du! Schatz.,1.49,2007-11-01,0,98,6.8,6,0,0,0,1,0,0,1,0,1,0,0,0,0,0,0,0,0,0,0
271,0,Ronja Rövardotter,7.272,1984-12-14,0,126,6.9,133,0,1,0,0,0,0,1,1,1,0,0,0,0,0,0,0,0,0,0
272,150000000,Batman Begins,274.973,2005-06-10,374218673,140,7.7,17418,1,0,0,0,1,0,1,0,0,0,0,0,0,0,0,0,0,0,0
273,250000,Das weisse Rauschen,3.293,2001-12-31,0,107,7.0,42,0,0,0,0,0,0,1,0,0,0,0,0,0,0,0,0,0,0,0
274,19000000,The Silence of the Lambs,13.081,1991-02-01,272742922,119,8.3,13054,0,0,0,0,1,0,1,0,0,0,0,0,0,0,0,0,1,0,0
275,7000000,Fargo,20.983,1996-03-08,60611975,98,7.9,6264,0,0,0,0,1,0,1,0,0,0,0,0,0,0,0,0,1,0,0
276,0,Die fetten Jahre sind vorbei,10.829,2004-10-25,0,127,7.1,265,0,0,0,1,0,0,1,0,0,0,0,0,0,0,0,0,0,0,0
277,22000000,Underworld,40.642,2003-09-19,95708457,122,6.8,5157,1,0,0,0,0,0,0,0,1,0,0,0,0,0,0,0,1,0,0
278,25000000,The Shawshank Redemption,75.539,1994-09-23,28341469,142,8.7,20995,0,0,0,0,1,0,1,0,0,0,0,0,0,0,0,0,0,0,0
279,18000000,Amadeus,17.832,1984-09-19,51973029,160,8.0,3300,0,0,0,0,0,0,1,0,0,1,0,1,0,0,0,0,0,0,0
280,102000000,Terminator 2: Judgment Day,81.584,1991-07-03,520000000,137,8.1,10195,1,0,0,0,0,0,0,0,0,0,0,0,0,0,1,0,1,0,0
281,42000000,Strange Days,11.385,1995-10-13,7959291,145,7.0,975,0,0,0,0,1,0,1,0,0,0,0,0,0,0,1,0,1,0,0
284,3000000,The Apartment,15.531,1960-06-21,25000000,125,8.2,1677,0,0,0,1,0,0,1,0,0,0,0,0,0,1,0,0,0,0,0
285,300000000,Pirates of the Caribbean: At World's End,158.992,2007-05-19,961000000,169,7.2,11818,1,1,0,0,0,0,0,0,1,0,0,0,0,0,0,0,0,0,0
286,0,Deutschland. Ein Sommermärchen,2.899,2006-10-03,0,110,6.7,42,0,0,0,0,0,1,0,0,0,0,0,0,0,0,0,0,0,0,0
287,7000000,Bull Durham,14.575,1988-06-15,50888000,108,6.7,427,0,0,0,1,0,0,0,0,0,0,0,0,0,1,0,0,0,0,0
288,730000,High Noon,17.053,1952-06-09,8000000,85,7.7,1070,0,0,0,0,0,0,0,0,0,0,0,0,0,0,0,0,1,0,1
289,878000,Casablanca,22.839,1942-11-26,10462500,102,8.2,4153,0,0,0,0,0,0,1,0,0,0,0,0,0,1,0,0,0,0,0
290,9000000,Barton Fink,15.03,1991-08-01,6153939,117,7.5,1278,0,0,0,1,0,0,1,0,0,0,0,0,0,0,0,0,0,0,0
291,2600000,Riding Giants,8.026,2004-07-09,3166000,105,7.6,35,0,0,0,0,0,1,0,0,0,0,0,0,0,0,0,0,0,0,0
292,3000000,Dave Chappelle's Block Party,8.98,2005-09-12,11718595,100,6.7,83,0,0,0,1,0,1,0,0,0,0,0,1,0,0,0,0,0,0,0
293,12000000,A River Runs Through It,21.907,1992-10-09,43440294,123,7.1,785,0,0,0,0,0,0,1,1,0,0,0,0,0,0,0,0,0,0,0
294,350000,Desert Hearts,10.331,1985-10-01,2400000,91,7.1,96,0,0,0,0,0,0,1,0,0,0,0,0,0,1,0,0,0,0,0
296,200000000,Terminator 3: Rise of the Machines,55.175,2003-07-02,435000000,109,6.1,5323,1,0,0,0,0,0,0,0,0,0,0,0,0,0,1,0,1,0,0
297,90000000,Meet Joe Black,71.459,1998-11-12,142940100,178,7.2,3821,0,0,0,0,0,0,1,0,1,0,0,0,0,1,0,0,0,0,0
298,85000000,Ocean's Thirteen,21.774,2007-06-06,311312624,122,6.7,5216,0,0,0,0,1,0,0,0,0,0,0,0,0,0,0,0,1,0,0
299,0,Ocean's Eleven,14.332,1960-08-10,2800000,127,6.5,243,0,0,0,1,1,0,0,0,0,0,0,1,0,0,0,0,1,0,0
300,6000000,La Science des rêves,11.219,2006-02-11,9524340,105,7.1,582,0,0,0,1,0,0,1,0,1,0,0,0,0,0,0,0,0,0,0
301,0,Rio Bravo,15.911,1959-03-17,5800000,141,7.9,833,0,0,0,0,0,0,0,0,0,0,0,0,0,0,0,0,0,0,1
302,7800000,Swimming Pool,15.107,2003-05-21,22441323,102,6.5,513,0,0,0,0,1,0,0,0,0,0,0,0,0,0,0,0,1,0,0
303,1000000,Notorious,13.88,1946-08-21,24500000,103,7.8,1166,0,0,0,0,0,0,0,0,0,0,0,0,1,1,0,0,1,0,0
306,50000000,Beverly Hills Cop III,18.191,1994-05-24,119208989,105,5.9,1351,1,0,0,1,1,0,0,0,0,0,0,0,0,0,0,0,0,0,0
307,0,Roma città aperta,9.074,1945-10-08,0,103,8.0,635,0,0,0,0,0,0,1,0,0,1,0,0,0,0,0,0,0,0,0
308,10000000,Broken Flowers,11.011,2005-08-05,46720491,106,6.9,1007,0,0,0,1,0,0,1,0,0,0,0,0,1,1,0,0,0,0,0
309,1300000,Festen,10.533,1998-06-19,0,105,7.7,719,0,0,0,0,0,0,1,0,0,0,0,0,0,0,0,0,0,0,0
310,80000000,Bruce Almighty,46.639,2003-05-23,484592874,101,6.7,8998,0,0,0,1,0,0,0,0,1,0,0,0,0,0,0,0,0,0,0
311,30000000,Once Upon a Time in America,32.857,1984-05-23,5472914,229,8.4,4084,0,0,0,0,1,0,1,0,0,0,0,0,0,0,0,0,0,0,0
312,0,Jenseits der Stille,6.29,1996-12-18,0,109,6.9,46,0,0,0,0,0,0,1,0,0,0,0,0,0,0,0,0,0,0,0
313,12000000,Snow Cake,9.553,2006-09-08,1381665,112,7.1,132,0,0,0,0,0,0,1,0,0,0,0,0,0,1,0,0,0,0,0
314,100000000,Catwoman,34.052,2004-07-22,82102379,104,4.6,2727,1,0,0,0,1,0,0,0,1,0,0,0,1,0,0,0,0,0,0
315,45000,"Faster, Pussycat! Kill! Kill!",9.778,1965-08-06,0,84,6.5,221,1,0,0,1,1,0,0,0,0,0,0,0,0,0,0,0,0,0,0
316,600000,Halbe Treppe,2.999,2002-02-12,0,111,6.6,17,0,0,0,1,0,0,1,0,0,0,0,0,0,0,0,0,0,0,0
317,0,Grbavica,4.371,2006-03-01,0,90,6.8,47,0,0,0,0,0,0,1,0,0,1,0,0,0,0,0,0,0,0,0
318,8000000,The Million Dollar Hotel,6.953,2000-02-09,105983,122,5.9,240,0,0,0,0,0,0,1,0,0,0,0,0,0,0,0,0,1,0,0
319,12500000,True Romance,21.012,1993-09-09,12600000,120,7.5,2076,1,0,0,0,1,0,0,0,0,0,0,0,0,1,0,0,1,0,0
320,46000000,Insomnia,16.001,2002-05-24,113714830,118,6.9,3686,0,0,0,0,1,0,0,0,0,0,0,0,1,0,0,0,1,0,0
321,4361898,Mambo Italiano,8.359,2003-06-06,3031801,89,5.9,64,0,0,0,1,0,0,0,0,0,0,0,0,0,1,0,0,0,0,0
322,25000000,Mystic River,27.996,2003-01-01,156822020,138,7.7,5139,0,0,0,0,1,0,1,0,0,0,0,0,1,0,0,0,1,0,0
326,33000000,Snakes on a Plane,20.178,2006-08-06,62022014,105,5.3,1356,1,0,0,0,1,0,0,0,0,0,1,0,0,0,0,0,1,0,0
327,12000000,Brother,13.505,2000-12-13,15250000,114,7.1,298,0,0,0,0,1,0,1,0,0,0,0,0,0,0,0,0,1,0,0
329,63000000,Jurassic Park,34.445,1993-06-11,920100000,127,7.9,13263,0,1,0,0,0,0,0,0,0,0,0,0,0,0,1,0,0,0,0
330,73000000,The Lost World: Jurassic Park,2.637,1997-05-23,618638999,129,6.5,6747,1,1,0,0,0,0,0,0,0,0,0,0,0,0,1,0,0,0,0
331,93000000,Jurassic Park III,2.152,2001-07-18,368780809,92,6.1,5707,1,1,0,0,0,0,0,0,0,0,0,0,0,0,1,0,1,0,0
332,75000000,Inspector Gadget,11.872,1999-07-23,134400000,78,4.4,961,1,1,0,1,0,0,0,1,0,0,0,0,0,0,0,0,0,0,0
333,0,Bollywood/Hollywood,6.046,2002-01-01,0,101,6.4,23,0,0,0,1,0,0,1,0,0,0,0,1,0,1,0,0,0,0,0
334,37000000,Magnolia,23.047,1999-12-10,48451803,189,7.7,2713,0,0,0,0,0,0,1,0,0,0,0,0,0,0,0,0,0,0,0
335,5000000,C'era una volta il West,27.675,1968-12-21,5380118,166,8.3,3313,0,0,0,0,0,0,1,0,0,0,0,0,0,0,0,0,0,0,1
336,0,Giù la testa,12.059,1971-10-20,0,157,7.8,779,0,0,0,0,0,0,0,0,0,0,0,0,0,0,0,0,0,0,1
337,0,Monsieur Ibrahim et les Fleurs du Coran,8.18,2003-09-17,11576431,91,7.0,111,0,0,0,0,0,0,1,0,0,0,0,0,0,0,0,0,0,0,0
338,4800000,Good Bye Lenin!,15.321,2003-02-09,79384880,121,7.6,1903,0,0,0,1,0,0,1,0,0,0,0,0,0,0,0,0,0,0,0
339,3500000,Night on Earth,11.217,1991-12-12,2015810,128,7.5,619,0,0,0,1,0,0,1,0,0,0,0,0,0,0,0,0,0,0,0
340,7000000,Everything Is Illuminated,7.887,2005-09-16,2697930,106,7.3,596,0,0,0,1,0,0,1,0,0,0,0,0,0,0,0,0,0,0,0
341,0,A Crime,5.636,2006-09-11,0,103,5.8,25,0,0,0,0,1,0,0,0,0,0,0,0,0,0,0,0,0,0,0
342,2700000,Sommersturm,8.271,2004-09-02,2085166,98,6.8,154,0,0,0,1,0,0,1,0,0,0,0,0,0,0,0,0,0,0,0
343,1200000,Harold and Maude,12.683,1971-12-20,0,91,7.7,801,0,0,0,1,0,0,1,0,0,0,0,0,0,1,0,0,0,0,0
344,2888030,Bang Boom Bang - Ein todsicheres Ding,6.663,1999-08-26,0,110,7.5,150,1,0,0,1,1,0,0,0,0,0,0,0,0,0,0,0,0,0,0
345,65000000,Eyes Wide Shut,33.926,1999-07-16,162091208,159,7.5,4675,0,0,0,0,0,0,1,0,0,0,0,0,1,0,0,0,1,0,0
346,2000000,七人の侍,28.933,1954-04-26,271842,207,8.5,2601,1,0,0,0,0,0,1,0,0,0,0,0,0,0,0,0,0,0,0
347,0,Menschen am Sonntag,4.805,1930-02-04,0,74,7.3,69,0,0,0,0,0,0,1,0,0,0,0,0,0,0,0,0,0,0,0
348,11000000,Alien,55.706,1979-05-25,104931801,117,8.1,11467,0,0,0,0,0,0,0,0,0,0,1,0,0,0,1,0,0,0,0
349,0,Crustacés et coquillages,3.702,2005-03-30,0,93,6.2,25,0,0,0,1,0,0,0,0,0,0,0,0,0,0,0,0,0,0,0
350,35000000,The Devil Wears Prada,57.651,2006-06-29,326551094,109,7.4,9931,0,0,0,1,0,0,1,0,0,0,0,0,0,1,0,0,0,0,0
351,1000000,Sehnsucht,0.961,2006-02-15,0,88,6.2,13,0,0,0,0,0,0,1,0,0,0,0,0,0,0,0,0,0,0,0
363,0,Gegen die Wand,11.835,2004-03-11,11030861,117,7.4,410,0,0,0,0,0,0,1,0,0,0,0,0,0,1,0,0,0,0,0
364,80000000,Batman Returns,184.016,1992-06-19,280000000,126,6.9,5115,1,0,0,0,0,0,0,0,1,0,0,0,0,0,0,0,0,0,0
377,1800000,A Nightmare on Elm Street,47.892,1984-11-09,57000000,91,7.3,3889,0,0,0,0,0,0,0,0,0,0,1,0,0,0,0,0,0,0,0
378,6000000,Raising Arizona,14.553,1987-03-01,29180280,94,7.0,1588,0,0,0,1,1,0,0,0,0,0,0,0,0,0,0,0,0,0,0
379,14000000,Miller's Crossing,15.658,1990-09-21,5080409,115,7.5,1241,0,0,0,0,1,0,1,0,0,0,0,0,0,0,0,0,1,0,0
380,25000000,Rain Man,24.443,1988-12-11,354825435,134,7.8,5020,0,0,0,0,0,0,1,0,0,0,0,0,0,0,0,0,0,0,0
381,2500000,To Catch a Thief,13.261,1955-08-03,8750000,107,7.4,1139,0,0,0,0,1,0,1,0,0,0,0,0,1,1,0,0,1,0,0
383,22500,Mala Noche,7.41,1986-02-05,0,75,6.4,85,0,0,0,0,0,0,1,0,0,0,0,0,0,0,0,0,0,0,0
387,14000000,Das Boot,24.566,1981-09-17,85000000,150,8.1,1637,0,0,0,0,0,0,1,0,0,1,0,0,0,0,0,0,0,1,0
388,45000000,Inside Man,27.391,2006-03-17,186003591,129,7.4,4625,0,0,0,0,1,0,1,0,0,0,0,0,0,0,0,0,1,0,0
389,350000,12 Angry Men,28.141,1957-04-10,1000000,97,8.5,6263,0,0,0,0,0,0,1,0,0,0,0,0,0,0,0,0,0,0,0
390,0,Lisbon Story,5.989,1994-12-16,0,100,7.3,80,0,0,0,0,0,0,1,0,0,0,0,1,0,0,0,0,0,0,0
391,200000,Per un pugno di dollari,23.112,1964-01-18,14500000,99,7.9,3194,0,0,0,0,0,0,0,0,0,0,0,0,0,0,0,0,0,0,1
392,25000000,Chocolat,13.389,2000-03-02,152500343,121,6.9,2753,0,0,0,1,0,0,1,0,0,0,0,0,0,1,0,0,0,0,0
393,30000000,Kill Bill: Vol. 2,43.446,2004-04-16,152159461,136,7.9,11535,1,0,0,0,1,0,0,0,0,0,0,0,0,0,0,0,1,0,0
395,70000000,AVP: Alien vs. Predator,44.076,2004-08-12,177427090,101,5.9,3433,1,1,0,0,0,0,0,0,0,0,1,0,0,0,1,0,0,0,0
396,7500000,Who's Afraid of Virginia Woolf?,12.532,1966-06-22,33736689,131,7.8,596,0,0,0,0,0,0,1,0,0,0,0,0,0,0,0,0,0,0,0
397,0,French Kiss,12.587,1995-05-05,101982854,111,6.4,573,0,0,0,1,0,0,0,0,0,0,0,0,0,1,0,0,0,0,0
398,7000000,Capote,15.989,2005-09-30,49327405,114,7.0,1118,0,0,0,0,1,0,1,0,0,0,0,0,0,0,0,0,0,0,0
400,8000000,Things to Do in Denver When You're Dead,7.69,1995-12-01,529766,116,6.6,288,0,0,0,0,1,0,1,0,0,0,0,0,0,0,0,0,0,0,0
401,2500000,Garden State,13.082,2004-07-28,26781723,102,7.1,1449,0,0,0,1,0,0,1,0,0,0,0,0,0,1,0,0,0,0,0
402,49000000,Basic Instinct,40.868,1992-03-20,352927224,127,6.9,2902,0,0,0,0,0,0,0,0,0,0,0,0,1,0,0,0,1,0,0
403,7500000,Driving Miss Daisy,12.355,1989-12-13,145793296,99,7.3,1203,0,0,0,0,0,0,1,0,0,0,0,0,0,0,0,0,0,0,0
404,10000000,The Straight Story,13.29,1999-10-15,6203044,112,7.7,1146,0,0,0,0,0,0,1,0,0,0,0,0,0,0,0,0,0,0,0
405,0,La strada,15.176,1954-09-23,0,115,8.0,767,0,0,0,0,0,0,1,0,0,0,0,0,0,0,0,0,0,0,0
406,2600000,La Haine,18.521,1995-05-31,15300000,98,8.1,2896,0,0,0,0,0,0,1,0,0,0,0,0,0,0,0,0,0,0,0
407,500000,Kurz und schmerzlos,3.615,1998-10-15,0,93,6.6,34,0,0,0,0,1,0,1,0,0,0,0,0,0,0,0,0,1,0,0
408,1488423,Snow White and the Seven Dwarfs,120.428,1937-12-21,184925486,83,7.1,6106,0,0,1,0,0,0,0,1,1,0,0,0,0,0,0,0,0,0,0
409,27000000,The English Patient,20.04,1996-11-05,231976425,162,7.2,1659,0,0,0,0,0,0,1,0,0,0,0,0,0,1,0,0,0,1,0
410,0,Sommer vorm Balkon,3.043,2005-09-09,0,105,6.7,30,0,0,0,1,0,0,1,0,0,0,0,0,0,0,0,0,0,0,0
411,180000000,"The Chronicles of Narnia: The Lion, the Witch and the Wardrobe",119.517,2005-12-07,745013115,143,7.1,8479,0,1,0,0,0,0,0,1,1,0,0,0,0,0,0,0,0,0,0
414,100000000,Batman Forever,75.008,1995-06-16,336529144,121,5.4,4178,1,0,0,0,1,0,0,0,1,0,0,0,0,0,0,0,0,0,0
415,125000000,Batman & Robin,109.624,1997-06-20,238207122,125,4.3,4066,1,0,0,0,0,0,0,0,1,0,0,0,0,0,1,0,0,0,0
419,0,Vom Suchen und Finden der Liebe,2.869,2005-01-27,0,105,4.5,12,0,0,0,1,0,0,1,0,0,0,0,1,0,1,0,0,0,0,0
421,50000000,The Life Aquatic with Steve Zissou,17.626,2004-12-10,34808403,119,7.2,2206,0,1,0,1,0,0,1,0,0,0,0,0,0,0,0,0,0,0,0
422,0,8½,20.602,1963-02-14,0,139,8.3,1744,0,0,0,0,0,0,1,0,1,0,0,0,0,0,0,0,0,0,0
423,35000000,The Pianist,46.024,2002-09-17,120072577,150,8.4,7128,0,0,0,0,0,0,1,0,0,0,0,0,0,0,0,0,0,1,0
424,22000000,Schindler's List,63.118,1993-11-30,321365567,195,8.6,12532,0,0,0,0,0,0,1,0,0,1,0,0,0,0,0,0,0,1,0
425,59000000,Ice Age,172.439,2002-03-10,383257136,81,7.3,10917,0,1,1,1,0,0,0,1,0,0,0,0,0,0,0,0,0,0,0
426,2479000,Vertigo,20.327,1958-05-28,7797728,128,8.2,4496,0,0,0,0,0,0,0,0,0,0,0,0,1,1,0,0,1,0,0
427,0,Mon oncle,17.625,1958-05-10,0,118,7.4,383,0,0,0,1,0,0,0,0,0,0,0,0,0,0,0,0,0,0,0
428,0,Sommer '04,3.531,2006-10-11,0,97,5.9,17,0,0,0,0,0,0,1,0,0,0,0,0,0,1,0,0,0,0,0
429,1200000,"Il buono, il brutto, il cattivo",45.655,1966-12-23,25118063,161,8.5,6509,0,0,0,0,0,0,0,0,0,0,0,0,0,0,0,0,0,0,1
430,3000000,"One, Two, Three",8.893,1961-12-15,4000000,115,7.6,268,0,0,0,1,0,0,0,1,0,0,0,0,0,0,0,0,0,0,0
431,350000,Cube,25.232,1997-09-09,8969065,90,6.8,3715,0,0,0,0,0,0,0,0,0,0,0,0,1,0,1,0,1,0,0
433,6000000,Mary Poppins,47.651,1964-08-27,103082380,139,7.6,3900,0,0,0,1,0,0,0,1,1,0,0,0,0,0,0,0,0,0,0
434,0,Knallhart,4.311,2006-03-09,0,98,6.7,39,0,0,0,0,0,0,1,0,0,0,0,0,0,0,0,0,1,0,0
435,125000000,The Day After Tomorrow,41.499,2004-05-26,552639571,124,6.5,6503,1,1,0,0,0,0,0,0,0,0,0,0,0,0,1,0,1,0,0
436,3000000,"María, llena eres de gracia",12.627,2004-01-18,12450821,101,7.3,295,0,0,0,0,1,0,1,0,0,0,0,0,0,0,0,0,1,0,0
